"Source:","C:\Users\user\Documents\Github\T-Stick\hardware\PCB\tstick-custom-touch-board-FFC\tstick-custom-touch-board-FFC.kicad_sch"
"Date:","9/13/2023 12:09:48 PM"
"Tool:","Eeschema 7.0.5"
"Generator:","C:\Program Files\KiCad\7.0\bin\scripting\plugins/bom_csv_grouped_by_value.py"
"Component Count:","14"

"Collated Components:"

"Item","Qty","Reference(s)","Value","LibPart","Footprint","Datasheet","DNP","Description Value Pkg","Digikey Part #","Mfg Part #"
"1","1","C1","2.2nF","Device:C","Capacitor_SMD:C_0603_1608Metric","~","","2200 pF ±10% 50V Ceramic Capacitor X7R 0603 (1608 Metric)","1276-1990-1-ND","CL10B222KB8NFNC"
"2","1","C2","0.1uF","Device:C","Capacitor_SMD:C_0603_1608Metric","~","","0.1 µF ±10% 50V Ceramic Capacitor X7R 0603 (1608 Metric)","1276-1000-1-ND","CL10B104KB8NNNC"
"3","1","FFC1","Conn_01x32","Connector_Generic_MountingPin:Conn_01x32_MountingPin","molex-ffc-connectors:CON_541323262_MOL","~","","32 Position FFC, FPC Connector Contacts, Bottom 0.020"" (0.50mm) Surface Mount, Right Angle","900-0541323262CT-ND","0541323262"
"4","4","I2C1, I2C2, INT1, INT2","Conn_01x04","Connector_Generic_MountingPin:Conn_01x04_MountingPin","Connector_JST:JST_SH_SM04B-SRSS-TB_1x04-1MP_P1.00mm_Horizontal","~","","Connector Header Surface Mount, Right Angle 4 position 0.039"" (1.00mm)","455-SM04B-SRSS-TBCT-ND","SM04B-SRSS-TB"
"5","1","IC1","CY8C206X6A","touch-sensor:CY8C206X6A","cap-touch-breakout:QFN48-LEADS","","","MCU 8K FLASH 1K SRAM 48QFN","CY8C20636A-24LTXI-ND","CY8C20636A-24LTXI"
"6","2","JP1A1, JP1B1","Conn_01x03","Jumper:Jumper_3_Open","cap-touch-breakout:DOUBLE_SOLDER_JUMPER","~","","","",""
"7","2","R1, R2","100","Device:R_US","Resistor_SMD:R_0603_1608Metric","~","","100 Ohms ±1% 0.25W, 1/4W Chip Resistor 0603 (1608 Metric) Anti-Sulfur, Automotive AEC-Q200, Pulse Withstanding Thick Film","10-ERJ-UP3F1000VCT-ND","ERJ-UP3F1000V"
"8","2","R3, R4","47k","Device:R_US","Resistor_SMD:R_0603_1608Metric","~","","47 kOhms ±0.1% 0.2W, 1/5W Chip Resistor 0603 (1608 Metric) Automotive AEC-Q200, Pulse Withstanding Thick Film","P20162CT-ND","ERJ-PB3B4702V"
